section,count,time
k2,2,1.0009999275207520
k3,1,0.48200011253356934
k3->k1,100000,0.19899988174438477
